Name,Latitude,Longitude,Address,City,State,Zip,Phone,Hours,Services,Website,Organization
"Local Care Center 1",40.55740,-73.76098,"7268 Maple Dr",Far Rockaway,NY,11691,,,"Fresh Produce,Walk-in Welcome",,"Food Bank For New York City"
"Salvation Army Center 2",40.56144,-73.76439,"5749 Maple Dr",Far Rockaway,NY,11691,,,"Fresh Produce,Drive-thru Available,Accepts SNAP",,"Food Bank For New York City"
"Feeding Hope 3",40.60835,-73.72054,"3794 Elm St",Far Rockaway,NY,11691,+17939710406,Mon-Fri 9am-5pm, Sat 10am-2pm,"Drive-thru Available,Accepts SNAP,Senior Services",https://www.feedingamerica.org/,"Food Bank For New York City"
"Community Food Pantry 4",40.56490,-73.74197,"9228 Maple Dr",Far Rockaway,NY,11691,+19905912660,Mon-Fri 9am-5pm, Sat 10am-2pm,"Offers Hot Meals,Senior Services",https://www.feedingamerica.org/,"Food Bank For New York City"
"Community Food Pantry 5",40.59342,-73.76149,"3238 Cedar Ln",Far Rockaway,NY,11691,,,"Offers Hot Meals",,"Food Bank For New York City"
"Unity Food Station 6",40.64445,-73.72129,"3940 Washington Blvd",Far Rockaway,NY,11691,+18133191049,Mon-Fri 9am-5pm, Sat 10am-2pm,"Accepts SNAP,Drive-thru Available",https://www.feedingamerica.org/,"Food Bank For New York City"
"Grace Fellowship Pantry 7",40.58648,-73.72464,"8604 Lincoln Ave",Far Rockaway,NY,11691,+14950194186,Mon-Fri 9am-5pm, Sat 10am-2pm,"Walk-in Welcome",https://www.feedingamerica.org/,"Food Bank For New York City"
"Covenant Pantry 8",40.58054,-73.72175,"3756 Pine St",Far Rockaway,NY,11691,,,"Offers Hot Meals,Baby Formula Available,Senior Services",,"Food Bank For New York City"
"Feeding Hope 9",40.57055,-73.77234,"9062 Washington Blvd",Far Rockaway,NY,11691,,,"Fresh Produce,Baby Formula Available,Wheelchair Accessible",,"Food Bank For New York City"
"Covenant Pantry 10",40.59917,-73.77343,"7571 Oak Ave",Far Rockaway,NY,11691,+15013163866,Mon-Fri 9am-5pm, Sat 10am-2pm,"Accepts SNAP",https://www.feedingamerica.org/,"Food Bank For New York City"
"Feeding Hope 11",40.55540,-73.73887,"998 Oak Ave",Far Rockaway,NY,11691,+18277656390,Mon-Fri 9am-5pm, Sat 10am-2pm,"Walk-in Welcome,Offers Hot Meals,Fresh Produce,Baby Formula Available",https://www.feedingamerica.org/,"Food Bank For New York City"
"Local Care Center 12",40.55488,-73.79179,"8214 Elm St",Far Rockaway,NY,11691,+16777803289,Mon-Fri 9am-5pm, Sat 10am-2pm,"Senior Services,Walk-in Welcome",https://www.feedingamerica.org/,"Food Bank For New York City"
"Local Care Center 13",40.55778,-73.74074,"1567 Cedar Ln",Far Rockaway,NY,11691,+13980289491,Mon-Fri 9am-5pm, Sat 10am-2pm,"Wheelchair Accessible,Baby Formula Available,Drive-thru Available",https://www.feedingamerica.org/,"Food Bank For New York City"
"Compassion Network 14",40.55102,-73.72367,"3550 Washington Blvd",Far Rockaway,NY,11691,+12178168142,Mon-Fri 9am-5pm, Sat 10am-2pm,"Drive-thru Available",https://www.feedingamerica.org/,"Food Bank For New York City"
"Family Outreach 15",40.62139,-73.73385,"6738 Pine St",Far Rockaway,NY,11691,+18265911467,Mon-Fri 9am-5pm, Sat 10am-2pm,"Walk-in Welcome",https://www.feedingamerica.org/,"Food Bank For New York City"
"Harvest Food Pantry 16",40.57045,-73.79548,"4118 Broad St",Far Rockaway,NY,11691,,,"Drive-thru Available,Offers Hot Meals",,"Food Bank For New York City"
"Daily Bread Pantry 17",40.60624,-73.72653,"9493 Maple Dr",Far Rockaway,NY,11691,+13572070713,Mon-Fri 9am-5pm, Sat 10am-2pm,"Accepts SNAP,Baby Formula Available",https://www.feedingamerica.org/,"Food Bank For New York City"
"Daily Bread Pantry 18",40.60850,-73.73305,"3475 Elm St",Far Rockaway,NY,11691,+11652884403,Mon-Fri 9am-5pm, Sat 10am-2pm,"Wheelchair Accessible",https://www.feedingamerica.org/,"Food Bank For New York City"
"Hope Center 19",40.59525,-73.78480,"616 Pine St",Far Rockaway,NY,11691,,,"Drive-thru Available,Fresh Produce,Accepts SNAP,Senior Services",,"Food Bank For New York City"
"Covenant Pantry 20",40.59339,-73.73656,"1299 Park Ave",Far Rockaway,NY,11691,+14429550226,Mon-Fri 9am-5pm, Sat 10am-2pm,"Baby Formula Available",https://www.feedingamerica.org/,"Food Bank For New York City"
"Unity Food Station 21",40.73768,-74.02540,"3552 Lincoln Ave",New York,NY,10001,+18373683769,Mon-Fri 9am-5pm, Sat 10am-2pm,"Wheelchair Accessible,Fresh Produce",https://www.feedingamerica.org/,"Food Bank For New York City"
"Family Outreach 22",40.72775,-73.95192,"1762 Park Ave",New York,NY,10001,+12581611104,Mon-Fri 9am-5pm, Sat 10am-2pm,"Offers Hot Meals",https://www.feedingamerica.org/,"Food Bank For New York City"
"Local Care Center 23",40.71751,-73.95425,"8266 Pine St",New York,NY,10001,,,"Drive-thru Available,Offers Hot Meals,Accepts SNAP",,"Food Bank For New York City"
"Grace Fellowship Pantry 24",40.71342,-73.98302,"6916 Cedar Ln",New York,NY,10001,+18637628945,Mon-Fri 9am-5pm, Sat 10am-2pm,"Wheelchair Accessible",https://www.feedingamerica.org/,"Food Bank For New York City"
"Grace Fellowship Pantry 25",40.71532,-73.94866,"5510 Elm St",New York,NY,10001,+16007163539,Mon-Fri 9am-5pm, Sat 10am-2pm,"Baby Formula Available,Drive-thru Available,Accepts SNAP,Senior Services",https://www.feedingamerica.org/,"Food Bank For New York City"
"Feeding Hope 26",40.71427,-74.00176,"9792 Oak Ave",New York,NY,10001,,,"Drive-thru Available",,"Food Bank For New York City"
"Local Care Center 27",40.71230,-73.97690,"9815 Park Ave",New York,NY,10001,+12061235761,Mon-Fri 9am-5pm, Sat 10am-2pm,"Fresh Produce,Wheelchair Accessible",https://www.feedingamerica.org/,"Food Bank For New York City"
"Community Food Pantry 28",40.73840,-73.96060,"3259 Lincoln Ave",New York,NY,10001,+11150038837,Mon-Fri 9am-5pm, Sat 10am-2pm,"Baby Formula Available",https://www.feedingamerica.org/,"Food Bank For New York City"
"Harvest Food Pantry 29",40.72655,-73.98763,"7694 Oak Ave",New York,NY,10001,+16568135829,Mon-Fri 9am-5pm, Sat 10am-2pm,"Baby Formula Available,Senior Services",https://www.feedingamerica.org/,"Food Bank For New York City"
"Sunrise Food Bank 30",40.75479,-74.03701,"6466 Washington Blvd",New York,NY,10001,+15723255893,Mon-Fri 9am-5pm, Sat 10am-2pm,"Fresh Produce,Accepts SNAP",https://www.feedingamerica.org/,"Food Bank For New York City"
"Community Food Pantry 31",40.75282,-74.04482,"7544 Main St",New York,NY,10001,,,"Drive-thru Available",,"Food Bank For New York City"
"Salvation Army Center 32",40.73584,-74.02167,"4405 Elm St",New York,NY,10001,,,"Accepts SNAP,Wheelchair Accessible",,"Food Bank For New York City"
"Daily Bread Pantry 33",40.76247,-73.96486,"8425 Elm St",New York,NY,10001,,,"Baby Formula Available,Offers Hot Meals",,"Food Bank For New York City"
"City Mission 34",40.75812,-73.95505,"1993 Broad St",New York,NY,10001,+12588465791,Mon-Fri 9am-5pm, Sat 10am-2pm,"Baby Formula Available",https://www.feedingamerica.org/,"Food Bank For New York City"
"Sunrise Food Bank 35",40.78966,-74.01999,"7043 Elm St",New York,NY,10001,+15080338631,Mon-Fri 9am-5pm, Sat 10am-2pm,"Offers Hot Meals",https://www.feedingamerica.org/,"Food Bank For New York City"
"Grace Fellowship Pantry 36",40.75772,-73.97890,"1993 Pine St",New York,NY,10001,,,"Fresh Produce",,"Food Bank For New York City"
"Covenant Pantry 37",40.70395,-73.96174,"3842 Oak Ave",New York,NY,10001,,,"Wheelchair Accessible,Drive-thru Available",,"Food Bank For New York City"
"Sunrise Food Bank 38",40.75844,-74.02806,"4163 Lincoln Ave",New York,NY,10001,+15178002062,Mon-Fri 9am-5pm, Sat 10am-2pm,"Senior Services,Baby Formula Available",https://www.feedingamerica.org/,"Food Bank For New York City"
"Salvation Army Center 39",40.75713,-74.04256,"487 Washington Blvd",New York,NY,10001,,,"Senior Services,Accepts SNAP,Baby Formula Available",,"Food Bank For New York City"
"Hope Center 40",40.76193,-73.97250,"4879 Main St",New York,NY,10001,,,"Baby Formula Available,Drive-thru Available,Walk-in Welcome",,"Food Bank For New York City"
"Harvest Food Pantry 41",33.94829,-118.21613,"2624 Broad St",Los Angeles,CA,90001,+18086356313,Mon-Fri 9am-5pm, Sat 10am-2pm,"Fresh Produce,Accepts SNAP",https://www.feedingamerica.org/,"Los Angeles Regional Food Bank"
"Family Outreach 42",33.98226,-118.27869,"257 Elm St",Los Angeles,CA,90001,+19630252121,Mon-Fri 9am-5pm, Sat 10am-2pm,"Fresh Produce,Accepts SNAP,Offers Hot Meals",https://www.feedingamerica.org/,"Los Angeles Regional Food Bank"
"Daily Bread Pantry 43",33.97591,-118.29843,"1019 Pine St",Los Angeles,CA,90001,+18342513480,Mon-Fri 9am-5pm, Sat 10am-2pm,"Fresh Produce,Wheelchair Accessible",https://www.feedingamerica.org/,"Los Angeles Regional Food Bank"
"Sunrise Food Bank 44",33.99145,-118.20459,"6798 Maple Dr",Los Angeles,CA,90001,+11889689500,Mon-Fri 9am-5pm, Sat 10am-2pm,"Drive-thru Available,Senior Services",https://www.feedingamerica.org/,"Los Angeles Regional Food Bank"
"Feeding Hope 45",33.96180,-118.20011,"2317 Lincoln Ave",Los Angeles,CA,90001,+16229839101,Mon-Fri 9am-5pm, Sat 10am-2pm,"Walk-in Welcome,Fresh Produce,Drive-thru Available",https://www.feedingamerica.org/,"Los Angeles Regional Food Bank"
"Salvation Army Center 46",34.00325,-118.23558,"3559 Broad St",Los Angeles,CA,90001,+12253418110,Mon-Fri 9am-5pm, Sat 10am-2pm,"Fresh Produce,Accepts SNAP,Wheelchair Accessible",https://www.feedingamerica.org/,"Los Angeles Regional Food Bank"
"Hope Center 47",34.01118,-118.24684,"6525 Cedar Ln",Los Angeles,CA,90001,+11404916043,Mon-Fri 9am-5pm, Sat 10am-2pm,"Baby Formula Available",https://www.feedingamerica.org/,"Los Angeles Regional Food Bank"
"Family Outreach 48",33.93799,-118.24193,"9379 Main St",Los Angeles,CA,90001,,,"Drive-thru Available,Accepts SNAP,Walk-in Welcome",,"Los Angeles Regional Food Bank"
"Community Food Pantry 49",33.95606,-118.21513,"4080 Maple Dr",Los Angeles,CA,90001,+18551380786,Mon-Fri 9am-5pm, Sat 10am-2pm,"Fresh Produce,Wheelchair Accessible",https://www.feedingamerica.org/,"Los Angeles Regional Food Bank"
"Unity Food Station 50",34.00920,-118.27970,"7523 Maple Dr",Los Angeles,CA,90001,+14825150772,Mon-Fri 9am-5pm, Sat 10am-2pm,"Accepts SNAP",https://www.feedingamerica.org/,"Los Angeles Regional Food Bank"
"Local Care Center 51",33.97675,-118.28332,"3364 Pine St",Los Angeles,CA,90001,,,"Drive-thru Available,Fresh Produce",,"Los Angeles Regional Food Bank"
"Daily Bread Pantry 52",33.92808,-118.29070,"7052 Broad St",Los Angeles,CA,90001,,,"Drive-thru Available,Senior Services",,"Los Angeles Regional Food Bank"
"Sunrise Food Bank 53",33.98639,-118.24866,"2433 Elm St",Los Angeles,CA,90001,,,"Drive-thru Available,Senior Services,Offers Hot Meals",,"Los Angeles Regional Food Bank"
"Harvest Food Pantry 54",33.99770,-118.21616,"5252 Pine St",Los Angeles,CA,90001,,,"Walk-in Welcome,Senior Services,Baby Formula Available",,"Los Angeles Regional Food Bank"
"Local Care Center 55",33.95903,-118.20215,"7452 Washington Blvd",Los Angeles,CA,90001,,,"Fresh Produce,Offers Hot Meals,Accepts SNAP",,"Los Angeles Regional Food Bank"
"Compassion Network 56",33.98115,-118.21013,"1004 Park Ave",Los Angeles,CA,90001,,,"Senior Services,Accepts SNAP,Baby Formula Available",,"Los Angeles Regional Food Bank"
"Salvation Army Center 57",33.95900,-118.27362,"1756 Elm St",Los Angeles,CA,90001,,,"Senior Services,Wheelchair Accessible",,"Los Angeles Regional Food Bank"
"Daily Bread Pantry 58",33.99133,-118.22294,"5631 Elm St",Los Angeles,CA,90001,+11333062039,Mon-Fri 9am-5pm, Sat 10am-2pm,"Wheelchair Accessible",https://www.feedingamerica.org/,"Los Angeles Regional Food Bank"
"Daily Bread Pantry 59",33.96327,-118.29562,"3584 Park Ave",Los Angeles,CA,90001,+19552565678,Mon-Fri 9am-5pm, Sat 10am-2pm,"Offers Hot Meals,Fresh Produce,Drive-thru Available",https://www.feedingamerica.org/,"Los Angeles Regional Food Bank"
"Local Care Center 60",33.92591,-118.28125,"4978 Lincoln Ave",Los Angeles,CA,90001,,,"Walk-in Welcome,Fresh Produce,Accepts SNAP",,"Los Angeles Regional Food Bank"
"City Mission 61",43.09807,-89.38704,"7008 Cedar Ln",Madison,WI,53703,,,"Wheelchair Accessible,Drive-thru Available",,"Second Harvest Foodbank of Southern Wisconsin"
"Hope Center 62",43.04038,-89.38010,"5820 Park Ave",Madison,WI,53703,+16039905769,Mon-Fri 9am-5pm, Sat 10am-2pm,"Walk-in Welcome,Accepts SNAP",https://www.feedingamerica.org/,"Second Harvest Foodbank of Southern Wisconsin"
"Local Care Center 63",43.06030,-89.36069,"8885 Maple Dr",Madison,WI,53703,+17214067884,Mon-Fri 9am-5pm, Sat 10am-2pm,"Senior Services",https://www.feedingamerica.org/,"Second Harvest Foodbank of Southern Wisconsin"
"Feeding Hope 64",43.08833,-89.43295,"4589 Elm St",Madison,WI,53703,+17969858171,Mon-Fri 9am-5pm, Sat 10am-2pm,"Baby Formula Available,Walk-in Welcome",https://www.feedingamerica.org/,"Second Harvest Foodbank of Southern Wisconsin"
"Covenant Pantry 65",43.04208,-89.39959,"4026 Park Ave",Madison,WI,53703,,,"Offers Hot Meals,Accepts SNAP",,"Second Harvest Foodbank of Southern Wisconsin"
"Covenant Pantry 66",43.12006,-89.41487,"328 Main St",Madison,WI,53703,+17525395858,Mon-Fri 9am-5pm, Sat 10am-2pm,"Drive-thru Available,Baby Formula Available,Offers Hot Meals",https://www.feedingamerica.org/,"Second Harvest Foodbank of Southern Wisconsin"
"Unity Food Station 67",43.09777,-89.39177,"219 Broad St",Madison,WI,53703,,,"Wheelchair Accessible,Walk-in Welcome,Accepts SNAP",,"Second Harvest Foodbank of Southern Wisconsin"
"Feeding Hope 68",43.06064,-89.39182,"5552 Maple Dr",Madison,WI,53703,,,"Walk-in Welcome,Senior Services,Offers Hot Meals",,"Second Harvest Foodbank of Southern Wisconsin"
"Local Care Center 69",43.03376,-89.42318,"9003 Elm St",Madison,WI,53703,+16862068544,Mon-Fri 9am-5pm, Sat 10am-2pm,"Fresh Produce,Accepts SNAP,Offers Hot Meals,Walk-in Welcome",https://www.feedingamerica.org/,"Second Harvest Foodbank of Southern Wisconsin"
"Feeding Hope 70",43.11637,-89.39752,"1414 Oak Ave",Madison,WI,53703,,,"Baby Formula Available",,"Second Harvest Foodbank of Southern Wisconsin"
"Community Food Pantry 71",43.08136,-89.34452,"444 Pine St",Madison,WI,53703,+17911851071,Mon-Fri 9am-5pm, Sat 10am-2pm,"Wheelchair Accessible,Offers Hot Meals",https://www.feedingamerica.org/,"Second Harvest Foodbank of Southern Wisconsin"
"Feeding Hope 72",43.06180,-89.42484,"9173 Washington Blvd",Madison,WI,53703,+16703808370,Mon-Fri 9am-5pm, Sat 10am-2pm,"Wheelchair Accessible,Drive-thru Available,Baby Formula Available",https://www.feedingamerica.org/,"Second Harvest Foodbank of Southern Wisconsin"
"Unity Food Station 73",43.03912,-89.42612,"3966 Washington Blvd",Madison,WI,53703,+17887834426,Mon-Fri 9am-5pm, Sat 10am-2pm,"Senior Services,Drive-thru Available,Offers Hot Meals,Fresh Produce",https://www.feedingamerica.org/,"Second Harvest Foodbank of Southern Wisconsin"
"Feeding Hope 74",43.03630,-89.40219,"8123 Oak Ave",Madison,WI,53703,+17663158520,Mon-Fri 9am-5pm, Sat 10am-2pm,"Drive-thru Available,Fresh Produce,Wheelchair Accessible",https://www.feedingamerica.org/,"Second Harvest Foodbank of Southern Wisconsin"
"Feeding Hope 75",43.11511,-89.42412,"2801 Maple Dr",Madison,WI,53703,+16062006667,Mon-Fri 9am-5pm, Sat 10am-2pm,"Senior Services",https://www.feedingamerica.org/,"Second Harvest Foodbank of Southern Wisconsin"
"Neighborhood Food Hub 76",43.08548,-89.43394,"6490 Oak Ave",Madison,WI,53703,,,"Fresh Produce,Baby Formula Available,Senior Services,Offers Hot Meals",,"Second Harvest Foodbank of Southern Wisconsin"
"Neighborhood Food Hub 77",43.03491,-89.39370,"5863 Main St",Madison,WI,53703,+19464771169,Mon-Fri 9am-5pm, Sat 10am-2pm,"Senior Services,Wheelchair Accessible,Fresh Produce",https://www.feedingamerica.org/,"Second Harvest Foodbank of Southern Wisconsin"
"Daily Bread Pantry 78",43.05493,-89.34783,"6737 Lincoln Ave",Madison,WI,53703,+14341602685,Mon-Fri 9am-5pm, Sat 10am-2pm,"Offers Hot Meals",https://www.feedingamerica.org/,"Second Harvest Foodbank of Southern Wisconsin"
"Local Care Center 79",43.09045,-89.35358,"1766 Park Ave",Madison,WI,53703,,,"Baby Formula Available,Walk-in Welcome",,"Second Harvest Foodbank of Southern Wisconsin"
"Community Food Pantry 80",43.06045,-89.34233,"5473 Main St",Madison,WI,53703,,,"Walk-in Welcome,Senior Services",,"Second Harvest Foodbank of Southern Wisconsin"